Workbook

Sheet data
A1: Дата смены | B1: Город | C1: Название станции доставки | D1: Название компании курьера | E1: Ид смены курьера | F1: Плановое начало смены (время начала погрузки на станции доставки) | G1: Тип_авто | H1: Протяженность маршрута курьера, км (факт) | I1: Общее кол-во адресов доставки | J1: Кол-во адресов самовывоза | K1: Кол-во отсканированных на СЦ заказов | L1: Общее кол-во доставленных заказов | M1: Кол-во заказов в самовывоз | N1: Среднее время на станции доставки, мин (факт) | O1: Среднее время до 1-й точки маршрута, мин (факт) | P1: Среднее время на точке маршрута, мин (факт) | Q1: Среднее время между точками маршрута, мин (факт)
A2: 44197 | B2: =VLOOKUP(C2,[1]Город!C:E,3,0) -> Санкт-Петербург | C2: СД_2 | D2: Компания_1 | E2: 2591025 | F2: 08:30:00 | G2: Грузовая | H2: 153.3136 | I2: 30 | J2: 13 | K2: 138 | L2: 137 | M2: 117 | N2: 100.9 | O2: 86.866667 | P2: 4.7369792 | Q2: 4.9005376
A3: 44197 | B3: =VLOOKUP(C3,[1]Город!C:E,3,0) -> Самара | C3: СД_29 | D3: Компания_1 | E3: 2591910 | F3: 10:00:00 | G3: Легковая | H3: 221.84097 | I3: 19 | J3: 7 | K3: 143 | L3: 141 | M3: 119 | N3: 118.75 | O3: 42.75 | P3: 8.7991228 | Q3: 17.39537
A4: 44197 | B4: =VLOOKUP(C4,[1]Город!C:E,3,0) -> Екатеринбург | C4: СД_31 | D4: Компания_2 | E4: 2590736 | F4: 07:30:00 | G4: Легковая | H4: 84.452701 | I4: 19 | J4: 4 | K4: 115 | L4: 114 | M4: 72 | N4: 77.033333 | O4: 485.33333 | P4: 2.0992754 | Q4: 9.5704545
A5: 44197 | B5: =VLOOKUP(C5,[1]Город!C:E,3,0) -> Уфа | C5: СД_11 | D5: Компания_2 | E5: 2590864 | F5: 10:00:00 | G5: Грузовая | H5: 100.96031 | I5: 20 | J5: 7 | K5: 142 | L5: 141 | M5: 124 | N5: 156.43333 | O5: 109 | P5: 3.965 | Q5: 13.260526
A6: 44197 | B6: =VLOOKUP(C6,[1]Город!C:E,3,0) -> Самара | C6: СД_29 | D6: Компания_1 | E6: 2591867 | F6: 10:00:00 | G6: Грузовая | H6: 73.391196 | I6: 25 | J6: 6 | K6: 165 | L6: 165 | M6: 141 | N6: 143.66667 | O6: 34.466667 | P6: 3.0466667 | Q6: 12.029861
A7: 44197 | B7: =VLOOKUP(C7,[1]Город!C:E,3,0) -> Нижний Новгород | C7: СД_18 | D7: Компания_1 | E7: 2591294 | F7: 10:00:00 | G7: Легковая | H7: 290.63739 | I7: 28 | J7: 13 | K7: 81 | L7: 78 | M7: 61 | N7: 108.25 | O7: 91.016667 | P7: 7.2061111 | Q7: 9.8913793
A8: 44197 | B8: =VLOOKUP(C8,[1]Город!C:E,3,0) -> Москва | C8: СД_36 | D8: Компания_3 | E8: 2592218 | F8: 08:30:00 | G8: Грузовая | H8: 88.475914 | I8: 19 | J8: 4 | K8: 206 | L8: 203 | M8: 156 | N8: 160.93333 | O8: 66.983333 | P8: 9.2217391 | Q8: 15.457576
A9: 44197 | B9: =VLOOKUP(C9,[1]Город!C:E,3,0) -> Омск | C9: СД_9 | D9: Компания_4 | E9: 2592395 | F9: 09:00:00 | G9: Легковая | H9: 64.34807 | I9: 15 | J9: 5 | K9: 61 | L9: 60 | M9: 47 | N9: 54.983333 | O9: 28.733333 | P9: 4.4122222 | Q9: 3.0428571
A10: 44197 | B10: =VLOOKUP(C10,[1]Город!C:E,3,0) -> Казань | C10: СД_4 | D10: Компания_5 | E10: 2591122 | F10: 07:00:00 | G10: Грузовая | H10: 143.21552 | I10: 29 | J10: 7 | K10: 123 | L10: 122 | M10: 94 | N10: 111.81667 | O10: 79.833333 | P10: 2.1791667 | Q10: 7.308642
A11: 44197 | B11: =VLOOKUP(C11,[1]Город!C:E,3,0) -> Санкт-Петербург | C11: СД_2 | D11: Компания_3 | E11: 2591406 | F11: 10:00:00 | G11: Грузовая | H11: 105.41146 | I11: 41 | J11: 3 | K11: 133 | L11: 125 | M11: 75 | N11: 119.03333 | O11: 55.716667 | P11: 3.1130719 | Q11: 7.752
A12: 44197 | B12: =VLOOKUP(C12,[1]Город!C:E,3,0) -> Челябинск | C12: СД_12 | D12: Компания_5 | E12: 2590357 | F12: 11:00:00 | G12: Грузовая | H12: 80.499176 | I12: 18 | J12: 0 | K12: 18 | L12: 16 | M12: 0 | N12: 72.033333 | O12: 46.083333 | P12: 6.7211111 | Q12: 19.994048
A13: 44197 | B13: =VLOOKUP(C13,[1]Город!C:E,3,0) -> Московская область | C13: СД_37 | D13: Компания_1 | E13: 2591540 | F13: 11:00:00 | G13: Грузовая | H13: 152.53529 | I13: 19 | J13: 0 | K13: 21 | L13: 21 | M13: 0 | N13: 84.7 | O13: 7.6833333 | P13: 11.794444 | Q13: 8.3254902
... A26: 44197 | B26: =VLOOKUP(C26,[1]Город!C:E,3,0) -> Барнаул | C26: СД_14 | D26: Компания_2 | E26: 2592837 | F26: 09:00:00 | G26: Грузовая | H26: 73.088669 | I26: 22 | J26: 0 | K26: 25 | L26: 25 | M26: 0 | N26: 76.716667 | O26: 2.9666667 | P26: 5.2189394 | Q26: 14.726984
A27: 44197 | B27: =VLOOKUP(C27,[1]Город!C:E,3,0) -> Новосибирск | C27: СД_32 | D27: Компания_6 | E27: 2593767 | F27: 14:00:00 | G27: Грузовая | H27: 153.13849 | I27: 9 | J27: 3 | K27: 9 | L27: 9 | M27: 3 | N27: 55.9 | P27: 13.441667 | Q27: 23.364583
A28: 44197 | B28: =VLOOKUP(C28,[1]Город!C:E,3,0) -> Москва | C28: СД_33 | D28: Компания_6 | E28: 2590485 | F28: 10:00:00 | G28: Легковая | H28: 28.247853 | I28: 16 | J28: 1 | K28: 93 | L28: 93 | M28: 65 | N28: 74.233333 | O28: 28.4 | P28: 17.235417 | Q28: 7.8744444
A29: 44197 | B29: =VLOOKUP(C29,[1]Город!C:E,3,0) -> Красноярск | C29: СД_15 | D29: Компания_2 | E29: 2592697 | F29: 10:00:00 | G29: Грузовая | H29: 69.997422 | I29: 22 | J29: 6 | K29: 183 | L29: 176 | M29: 159 | N29: 187.58333 | O29: 31.983333 | P29: 4.6603175 | Q29: 18.563333
A30: 44197 | B30: =VLOOKUP(C30,[1]Город!C:E,3,0) -> Москва | C30: СД_33 | D30: Компания_6 | E30: 2590524 | F30: 10:00:00 | G30: Легковая | H30: 189.63325 | I30: 25 | J30: 7 | K30: 84 | L30: 82 | M30: 55 | N30: 73.116667 | O30: 28.95 | P30: 5.8273333 | Q30: 13.700694
A31: 44197 | B31: =VLOOKUP(C31,[1]Город!C:E,3,0) -> Волгоград | C31: СД_1 | D31: Компания_8 | E31: 2591675 | F31: 09:00:00 | G31: Грузовая | H31: 225.55031 | I31: 23 | J31: 0 | K31: 25 | L31: 25 | M31: 0 | N31: 111.4 | O31: 129.93333 | P31: 11.045652 | Q31: 8.0886364
A32: 44197 | B32: =VLOOKUP(C32,[1]Город!C:E,3,0) -> Москва | C32: СД_33 | D32: Компания_4 | E32: 2592688 | F32: 12:00:00 | G32: Грузовая | H32: 176.80887 | I32: 26 | J32: 9 | K32: 135 | L32: 133 | M32: 112 | N32: 112.7 | O32: 78.683333 | P32: 4.0192308 | Q32: 7.3467949
A33: 44197 | B33: =VLOOKUP(C33,[1]Город!C:E,3,0) -> Новосибирск | C33: СД_32 | D33: Компания_6 | E33: 2592150 | F33: 09:30:00 | G33: Грузовая | H33: 64.80304 | I33: 19 | J33: 6 | K33: 178 | L33: 177 | M33: 158 | N33: 131.33333 | O33: 33.35 | P33: 8.2605263 | Q33: 5.4333333
A34: 44197 | B34: =VLOOKUP(C34,[1]Город!C:E,3,0) -> Нижний Новгород | C34: СД_18 | D34: Компания_1 | E34: 2591201 | F34: 10:00:00 | G34: Легковая | H34: 412.99672 | I34: 27 | J34: 0 | K34: 37 | L34: 37 | M34: 0 | N34: 52.416667 | O34: 109.68333 | P34: 3.2871795 | Q34: 12.457692
A35: 44197 | B35: =VLOOKUP(C35,[1]Город!C:E,3,0) -> Омск | C35: СД_9 | D35: Компания_1 | E35: 2592365 | F35: 09:00:00 | G35: Грузовая | H35: 111.20517 | I35: 25 | J35: 8 | K35: 142 | L35: 141 | M35: 114 | N35: 104.2 | O35: 48.15 | P35: 5.3205128 | Q35: 8.7946667
A36: 44197 | B36: =VLOOKUP(C36,[1]Город!C:E,3,0) -> Волгоград | C36: СД_1 | D36: Компания_5 | E36: 2588458 | F36: 07:00:00 | G36: Грузовая | H36: 142.79156 | I36: 27 | J36: 0 | K36: 28 | L36: 27 | M36: 0 | N36: 165.5 | O36: 64.366667 | P36: 5.1482143 | Q36: 17.880247
A37: 44197 | B37: =VLOOKUP(C37,[1]Город!C:E,3,0) -> Екатеринбург | C37: СД_31 | D37: Компания_3 | E37: 2590758 | F37: 07:30:00 | G37: Грузовая | H37: 246.99728 | I37: 34 | J37: 7 | K37: 96 | L37: 95 | M37: 57 | N37: 126.36667 | O37: 127.35 | P37: 5.0424242 | Q37: 7.7744792
A38: 44197 | B38: =VLOOKUP(C38,[1]Город!C:E,3,0) -> Новосибирск | C38: СД_32 | D38: Компания_6 | E38: 2592151 | F38: 10:30:00 | G38: Грузовая | H38: 50.764822 | I38: 22 | J38: 8 | K38: 158 | L38: 155 | M38: 128 | N38: 120.68333 | O38: 5.8 | P38: 10.634058 | Q38: 9.5143939
A39: 44197 | B39: =VLOOKUP(C39,[1]Город!C:E,3,0) -> Москва | C39: СД_33 | D39: Компания_6 | E39: 2592626 | F39: 11:00:00 | G39: Легковая | H39: 111.5565 | I39: 21 | J39: 9 | K39: 115 | L39: 115 | M39: 102 | N39: 41.6 | O39: 34.566667 | P39: 3.8793651 | Q39: 10.871667
... A49: 44197 | B49: =VLOOKUP(C49,[1]Город!C:E,3,0) -> Красноярск | C49: СД_15 | D49: Компания_6 | E49: 2592702 | F49: 09:00:00 | G49: Грузовая | H49: 342.72132 | I49: 15 | J49: 0 | K49: 19 | L49: 18 | M49: 0 | N49: 63.866667 | O49: 30.016667 | P49: 4.5311111 | Q49: 29.927381
A50: 44197 | B50: =VLOOKUP(C50,[1]Город!C:E,3,0) -> Новосибирск | C50: СД_32 | D50: Компания_3 | E50: 2590429 | F50: 06:00:00 | G50: Грузовая | H50: 30.377606 | I50: 4 | J50: 4 | K50: 227 | L50: 226 | M50: 226 | N50: 286.1 | P50: 14.670833 | Q50: 18.166667
A51: 44197 | B51: =VLOOKUP(C51,[1]Город!C:E,3,0) -> Самара | C51: СД_29 | D51: Компания_5 | E51: 2593388 | F51: 10:00:00 | G51: Легковая | H51: 294.31454 | I51: 17 | J51: 0 | K51: 48 | L51: 33 | M51: 0 | N51: 98.466667 | O51: 152.63333 | P51: 4.5385965 | Q51: 12.171296
A52: 44197 | B52: =VLOOKUP(C52,[1]Город!C:E,3,0) -> Москва | C52: СД_33 | D52: Компания_2 | E52: 2592491 | F52: 11:00:00 | G52: Грузовая | H52: 134.34385 | I52: 32 | J52: 6 | K52: 171 | L52: 170 | M52: 130 | N52: 121.96667 | O52: 31.4 | P52: 4.6707071 | Q52: 9.3796875
A53: 44197 | B53: =VLOOKUP(C53,[1]Город!C:E,3,0) -> Москва | C53: СД_33 | D53: Компания_3 | E53: 2593136 | F53: 10:00:00 | G53: Легковая | H53: 375.31012 | I53: 19 | J53: 2 | K53: 48 | L53: 48 | M53: 13 | N53: 68.083333 | O53: 151.06667 | P53: 5.7421053 | Q53: 5.7898148
A54: 44197 | B54: =VLOOKUP(C54,[1]Город!C:E,3,0) -> Казань | C54: СД_4 | D54: Компания_2 | E54: 2591333 | F54: 09:30:00 | G54: Грузовая | H54: 103.18295 | I54: 26 | J54: 3 | K54: 64 | L54: 61 | M54: 28 | N54: 108.58333 | O54: 13.3 | P54: 9.6858974 | Q54: 5.1074074
A55: 44197 | B55: =VLOOKUP(C55,[1]Город!C:E,3,0) -> Новосибирск | C55: СД_32 | D55: Компания_5 | E55: 2590452 | F55: 06:00:00 | G55: Грузовая | H55: 78.105959 | I55: 5 | J55: 5 | K55: 225 | L55: 225 | M55: 225 | N55: 104.76667 | O55: 24.8 | P55: 14.963333 | Q55: 11.045833
A56: 44197 | B56: =VLOOKUP(C56,[1]Город!C:E,3,0) -> Красноярск | C56: СД_15 | D56: Компания_5 | E56: 2592700 | F56: 09:00:00 | G56: Легковая | H56: 289.32223 | I56: 25 | J56: 1 | K56: 57 | L56: 55 | M56: 8 | N56: 48.716667 | O56: 101.15 | P56: 7.1840278 | Q56: 3.0253623
A57: 44197 | B57: =VLOOKUP(C57,[1]Город!C:E,3,0) -> Челябинск | C57: СД_12 | D57: Компания_6 | E57: 2590327 | F57: 09:30:00 | G57: Грузовая | H57: 85.9681 | I57: 20 | J57: 5 | K57: 225 | L57: 213 | M57: 192 | N57: 234.55 | O57: 90.216667 | P57: 11.87 | Q57: 17.785088
A58: 44197 | B58: =VLOOKUP(C58,[1]Город!C:E,3,0) -> Екатеринбург | C58: СД_31 | D58: Компания_3 | E58: 2591559 | F58: 09:00:00 | G58: Грузовая | H58: 89.58634 | I58: 32 | J58: 1 | K58: 112 | L58: 109 | M58: 66 | N58: 139.03333 | O58: 89.816667 | P58: 4.2146825 | Q58: 7.6939024
A59: 44197 | B59: =VLOOKUP(C59,[1]Город!C:E,3,0) -> Санкт-Петербург | C59: СД_2 | D59: Компания_2 | E59: 2591192 | F59: 09:00:00 | G59: Грузовая | H59: 100.84628 | I59: 28 | J59: 13 | K59: 236 | L59: 231 | M59: 211 | N59: 122.35 | O59: 93.733333 | P59: 4.7632184 | Q59: 7.2660714
A60: 44197 | B60: =VLOOKUP(C60,[1]Город!C:E,3,0) -> Санкт-Петербург | C60: СД_2 | D60: Компания_2 | E60: 2591138 | F60: 09:00:00 | G60: Грузовая | H60: 209.24749 | I60: 40 | J60: 7 | K60: 87 | L60: 85 | M60: 45 | N60: 150.81667 | O60: 89.266667 | P60: 3.9641667 | Q60: 5.7858974
A61: 44197 | B61: =VLOOKUP(C61,[1]Город!C:E,3,0) -> Москва | C61: СД_33 | D61: Компания_1 | E61: 2592601 | F61: 10:00:00 | G61: Грузовая | H61: 103.28738 | I61: 19 | J61: 6 | K61: 194 | L61: 193 | M61: 180 | N61: 111.41667 | O61: 48.083333 | P61: 9.2964912 | Q61: 10.376852
A62: 44197 | B62: =VLOOKUP(C62,[1]Город!C:E,3,0) -> Санкт-Петербург | C62: СД_2 | D62: Компания_1 | E62: 2591515 | F62: 10:00:00 | G62: Грузовая | H62: 134.50258 | I62: 30 | J62: 10 | K62: 118 | L62: 116 | M62: 89 | N62: 125.35 | O62: 54.633333 | P62: 3.8302083 | Q62: 10.819355
... A67: 44197 | B67: =VLOOKUP(C67,[1]Город!C:E,3,0) -> Волгоград | C67: СД_1 | D67: Компания_3 | E67: 2591775 | F67: 08:00:00 | G67: Грузовая | H67: 142.76409 | I67: 13 | J67: 0 | K67: 40 | L67: 13 | M67: 0 | N67: 352.6 | O67: 40.45 | P67: 7.3059524 | Q67: 27.324359
A68: 44197 | B68: =VLOOKUP(C68,[1]Город!C:E,3,0) -> Омск | C68: СД_9 | D68: Компания_1 | E68: 2592408 | F68: 09:00:00 | G68: Грузовая | H68: 61.736001 | I68: 26 | J68: 11 | K68: 66 | L68: 66 | M68: 47 | N68: 58.25 | P68: 4.6353333 | Q68: 5.4625
A69: 44197 | B69: =VLOOKUP(C69,[1]Город!C:E,3,0) -> Санкт-Петербург | C69: СД_2 | D69: Компания_3 | E69: 2591177 | F69: 09:00:00 | G69: Легковая | H69: 203.26978 | I69: 28 | J69: 3 | K69: 67 | L69: 66 | M69: 31 | N69: 86.55 | O69: 30.283333 | P69: 1.0861111 | Q69: 9.7793103
A70: 44197 | B70: =VLOOKUP(C70,[1]Город!C:E,3,0) -> Москва | C70: СД_33 | D70: Компания_3 | E70: 2590818 | F70: 10:00:00 | G70: Грузовая | H70: 98.779389 | I70: 16 | J70: 0 | K70: 27 | L70: 24 | M70: 0 | N70: 76.716667 | O70: 226.21667 | P70: 8.3588889 | Q70: 6.9964286
A71: 44197 | B71: =VLOOKUP(C71,[1]Город!C:E,3,0) -> Ульяновск | C71: СД_16 | D71: Компания_4 | E71: 2593125 | F71: 10:00:00 | G71: Грузовая | H71: 147.08099 | I71: 19 | J71: 8 | K71: 131 | L71: 131 | M71: 115 | N71: 73.483333 | O71: 23.25 | P71: 6.4953704 | Q71: 4.3009259
A72: 44197 | B72: =VLOOKUP(C72,[1]Город!C:E,3,0) -> Москва | C72: СД_33 | D72: Компания_4 | E72: 2593047 | F72: 09:00:00 | G72: Легковая | H72: 83.328009 | I72: 17 | J72: 3 | K72: 66 | L72: 65 | M72: 42 | N72: 58.95 | O72: 53.65 | P72: 2.5518519 | Q72: 12.996078
A73: 44197 | B73: =VLOOKUP(C73,[1]Город!C:E,3,0) -> Челябинск | C73: СД_12 | D73: Компания_5 | E73: 2590321 | F73: 12:30:00 | G73: Грузовая | H73: 173.67731 | I73: 15 | J73: 0 | K73: 16 | L73: 15 | M73: 0 | N73: 182.25 | O73: 14.6 | P73: 6.6744444 | Q73: 16.267857
A74: 44197 | B74: =VLOOKUP(C74,[1]Город!C:E,3,0) -> Хабаровск | C74: СД_21 | D74: Компания_5 | E74: 2592661 | F74: 09:00:00 | G74: Легковая | H74: 119.22083 | I74: 11 | J74: 3 | K74: 75 | L74: 73 | M74: 64 | N74: 51.8 | O74: 46.05 | P74: 6.3454545 | Q74: 8.9633333
A75: 44197 | B75: =VLOOKUP(C75,[1]Город!C:E,3,0) -> Москва | C75: СД_36 | D75: Компания_6 | E75: 2592407 | F75: 10:30:00 | G75: Грузовая | H75: 116.65579 | I75: 30 | J75: 5 | K75: 165 | L75: 161 | M75: 129 | N75: 89.383333 | O75: 20.366667 | P75: 4.9395833 | Q75: 2.7844086
A76: 44197 | B76: =VLOOKUP(C76,[1]Город!C:E,3,0) -> Москва | C76: СД_33 | D76: Компания_2 | E76: 2592551 | F76: 11:00:00 | G76: Грузовая | H76: 169.9931 | I76: 28 | J76: 11 | K76: 214 | L76: 212 | M76: 188 | N76: 195.81667 | O76: 41.95 | P76: 6.1679012 | Q76: 6.4429487
A77: 44197 | B77: =VLOOKUP(C77,[1]Город!C:E,3,0) -> Москва | C77: СД_33 | D77: Компания_6 | E77: 2590586 | F77: 13:00:00 | G77: Грузовая | H77: 399.38866 | I77: 12 | J77: 0 | K77: 13 | L77: 13 | M77: 0 | N77: 96.283333 | O77: 110.58333 | P77: 9.6013889 | Q77: 17.472727
A78: 44197 | B78: =VLOOKUP(C78,[1]Город!C:E,3,0) -> Владивосток | C78: СД_8 | D78: Компания_4 | E78: 2592861 | F78: 10:00:00 | G78: Грузовая | H78: 83.229155 | I78: 28 | J78: 7 | K78: 168 | L78: 165 | M78: 134 | N78: 71.25 | P78: 4.9571429 | Q78: 6.8975309
A79: 44197 | B79: =VLOOKUP(C79,[1]Город!C:E,3,0) -> Москва | C79: СД_36 | D79: Компания_3 | E79: 2592199 | F79: 12:30:00 | G79: Легковая | H79: 91.175587 | I79: 19 | J79: 1 | K79: 77 | L79: 77 | M79: 52 | N79: 58.633333 | O79: 44.116667 | P79: 4.5166667 | Q79: 10.23254
A80: 44197 | B80: =VLOOKUP(C80,[1]Город!C:E,3,0) -> Волгоград | C80: СД_1 | D80: Компания_5 | E80: 2591685 | F80: 08:00:00 | G80: Грузовая | H80: 255.95193 | I80: 15 | J80: 0 | K80: 19 | L80: 19 | M80: 0 | N80: 98.9 | O80: 106.33333 | P80: 4.35 | Q80: 9.0904762
A81: 44197 | B81: =VLOOKUP(C81,[1]Город!C:E,3,0) -> Санкт-Петербург | C81: СД_2 | D81: Компания_2 | E81: 2591493 | F81: 10:30:00 | G81: Легковая | H81: 165.60757 | I81: 24 | J81: 0 | K81: 28 | L81: 26 | M81: 0 | N81: 79.1 | O81: 36.566667 | P81: 10.288667 | Q81: 8.3206667
A82: 44197 | B82: =VLOOKUP(C82,[1]Город!C:E,3,0) -> Новосибирск | C82: СД_32 | D82: Компания_10 | E82: 2593219 | F82: 11:00:00 | G82: Легковая | H82: 67.761236 | I82: 9 | J82: 2 | K82: 10 | L82: 10 | M82: 2 | N82: 22.133333 | O82: 39.883333 | P82: 12.403704 | Q82: 10.310417
A83: 44197 | B83: =VLOOKUP(C83,[1]Город!C:E,3,0) -> Екатеринбург | C83: СД_31 | D83: Компания_2 | E83: 2590766 | F83: 07:30:00 | G83: Грузовая | H83: 125.16673 | I83: 36 | J83: 2 | K83: 75 | L83: 73 | M83: 27 | N83: 52.35 | O83: 84.066667 | P83: 3.4400901 | Q83: 12.581019
A84: 44197 | B84: =VLOOKUP(C84,[1]Город!C:E,3,0) -> Москва | C84: СД_36 | D84: Компания_3 | E84: 2592286 | F84: 09:30:00 | G84: Грузовая | H84: 58.967805 | I84: 18 | J84: 7 | K84: 195 | L84: 193 | M84: 176 | N84: 113.13333 | O84: 46 | P84: 7.875 | Q84: 5.2921053
A85: 44197 | B85: =VLOOKUP(C85,[1]Город!C:E,3,0) -> Санкт-Петербург | C85: СД_22 | D85: Компания_2 | E85: 2593062 | F85: 09:00:00 | G85: Легковая | H85: 295.63972 | I85: 22 | J85: 5 | K85: 30 | L85: 30 | M85: 7 | N85: 55.283333 | O85: 72.316667 | P85: 5.0272727 | Q85: 13.715079
A86: 44197 | B86: =VLOOKUP(C86,[1]Город!C:E,3,0) -> Московская область | C86: СД_24 | D86: Компания_4 | E86: 2588534 | F86: 08:30:00 | G86: Легковая | H86: 55.718537 | I86: 19 | J86: 0 | K86: 24 | L86: 23 | M86: 0 | N86: 87.066667 | O86: 18.55 | P86: 13.201667 | Q86: 15.014035
A87: 44197 | B87: =VLOOKUP(C87,[1]Город!C:E,3,0) -> Челябинск | C87: СД_12 | D87: Компания_2 | E87: 2590372 | F87: 11:00:00 | G87: Грузовая | H87: 88.272824 | I87: 11 | J87: 4 | K87: 124 | L87: 123 | M87: 116 | N87: 100.36667 | O87: 81.733333 | P87: 4.0909091 | Q87: 26.121667
A88: 44197 | B88: =VLOOKUP(C88,[1]Город!C:E,3,0) -> Новосибирск | C88: СД_32 | D88: Компания_3 | E88: 2590451 | F88: 06:00:00 | G88: Грузовая | H88: 95.132202 | I88: 5 | J88: 5 | K88: 208 | L88: 207 | M88: 207 | N88: 90.766667 | O88: 23.316667 | P88: 21.273333 | Q88: 3.6625
A89: 44197 | B89: =VLOOKUP(C89,[1]Город!C:E,3,0) -> Самара | C89: СД_29 | D89: Компания_1 | E89: 2591843 | F89: 11:00:00 | G89: Грузовая | H89: 104.61036 | I89: 25 | J89: 13 | K89: 170 | L89: 170 | M89: 151 | N89: 249.23333 | O89: 26.75 | P89: 6.5913333 | Q89: 8.6055556
A90: 44197 | B90: =VLOOKUP(C90,[1]Город!C:E,3,0) -> Волгоград | C90: СД_1 | D90: Компания_5 | E90: 2591795 | F90: 08:00:00 | G90: Грузовая | H90: 192.59958 | I90: 15 | J90: 0 | K90: 21 | L90: 19 | M90: 0 | N90: 120.05 | O90: 121.7 | P90: 2.0708333 | Q90: 18.983333
... A107: 44197 | B107: =VLOOKUP(C107,[1]Город!C:E,3,0) -> Челябинск | C107: СД_12 | D107: Компания_1 | E107: 2590369 | F107: 09:30:00 | G107: Легковая | H107: 307.30861 | I107: 25 | J107: 15 | K107: 171 | L107: 163 | M107: 148 | N107: 113.63333 | O107: 150.75 | P107: 9.275 | Q107: 7.9553333
A108: 44197 | B108: =VLOOKUP(C108,[1]Город!C:E,3,0) -> Ульяновск | C108: СД_16 | D108: Компания_2 | E108: 2593160 | F108: 11:00:00 | G108: Легковая | H108: 60.021887 | I108: 11 | J108: 1 | K108: 78 | L108: 77 | M108: 65 | N108: 106.36667 | P108: 23.954167 | Q108: 12.640909
A109: 44197 | B109: =VLOOKUP(C109,[1]Город!C:E,3,0) -> Волгоград | C109: СД_1 | D109: Компания_5 | E109: 2591768 | F109: 10:00:00 | G109: Грузовая | H109: 138.96224 | I109: 18 | J109: 0 | K109: 24 | L109: 18 | M109: 0 | N109: 170.75 | O109: 105.48333 | P109: 9.7759259 | Q109: 18.1
A110: 44197 | B110: =VLOOKUP(C110,[1]Город!C:E,3,0) -> Санкт-Петербург | C110: СД_2 | D110: Компания_3 | E110: 2591115 | F110: 11:00:00 | G110: Грузовая | H110: 72.09431 | I110: 36 | J110: 9 | K110: 190 | L110: 186 | M110: 151 | N110: 126.1 | O110: 236.05 | P110: 1.7614035 | Q110: 9.9252252
A111: 44197 | B111: =VLOOKUP(C111,[1]Город!C:E,3,0) -> Ижевск | C111: СД_10 | D111: Компания_2 | E111: 2592822 | F111: 09:30:00 | G111: Легковая | H111: 68.260523 | I111: 19 | J111: 12 | K111: 152 | L111: 152 | M111: 141 | N111: 90.15 | O111: 46.8 | P111: 3.5736842 | Q111: 10.658333
A112: 44197 | B112: =VLOOKUP(C112,[1]Город!C:E,3,0) -> Красноярск | C112: СД_15 | D112: Компания_5 | E112: 2592748 | F112: 10:00:00 | G112: Легковая | H112: 84.317541 | I112: 12 | J112: 8 | K112: 221 | L112: 219 | M112: 215 | N112: 128.95 | O112: 61.7 | P112: 6.9858974 | Q112: 24.772222
A113: 44197 | B113: =VLOOKUP(C113,[1]Город!C:E,3,0) -> Москва | C113: СД_33 | D113: Компания_9 | E113: 2592517 | F113: 11:00:00 | G113: Грузовая | H113: 159.12018 | I113: 16 | J113: 0 | K113: 19 | L113: 19 | M113: 0 | N113: 79.766667 | P113: 4.9866667 | Q113: 19.532143
A114: 44197 | B114: =VLOOKUP(C114,[1]Город!C:E,3,0) -> Московская область | C114: СД_5 | D114: Компания_5 | E114: 2591124 | F114: 09:00:00 | G114: Грузовая | H114: 125.75884 | I114: 27 | J114: 5 | K114: 140 | L114: 139 | M114: 107 | N114: 149.06667 | O114: 216.13333 | P114: 8.5875 | Q114: 5.9833333
A115: 44197 | B115: =VLOOKUP(C115,[1]Город!C:E,3,0) -> Тольятти | C115: СД_6 | D115: Компания_4 | E115: 2588460 | F115: 09:30:00 | G115: Легковая | H115: 99.4892 | I115: 18 | J115: 6 | K115: 111 | L115: 109 | M115: 90 | N115: 58.066667 | O115: 26.45 | P115: 2.7055556 | Q115: 16.804902
A116: 44197 | B116: =VLOOKUP(C116,[1]Город!C:E,3,0) -> Хабаровск | C116: СД_21 | D116: Компания_5 | E116: 2592659 | F116: 09:00:00 | G116: Легковая | H116: 152.51112 | I116: 15 | J116: 6 | K116: 110 | L116: 107 | M116: 97 | N116: 74.233333 | O116: 47.316667 | P116: 5.1477778 | Q116: 10.954762
A117: 44197 | B117: =VLOOKUP(C117,[1]Город!C:E,3,0) -> Махачкала | C117: СД_35 | D117: Компания_13 | E117: 2590363 | F117: 09:00:00 | G117: Легковая | H117: 51.968606 | I117: 24 | J117: 24 | K117: 332 | L117: 273 | M117: 273 | N117: 276.46667 | P117: 4.8347222 | Q117: 9.9036232
A118: 44197 | B118: =VLOOKUP(C118,[1]Город!C:E,3,0) -> Хабаровск | C118: СД_21 | D118: Компания_5 | E118: 2592676 | F118: 09:00:00 | G118: Легковая | H118: 308.13478 | I118: 14 | J118: 7 | K118: 44 | L118: 43 | M118: 36 | N118: 42.866667 | O118: 141.85 | P118: 3.6369048 | Q118: 24.996154
A119: 44197 | B119: =VLOOKUP(C119,[1]Город!C:E,3,0) -> Тольятти | C119: СД_6 | D119: Компания_2 | E119: 2592856 | F119: 09:30:00 | G119: Грузовая | H119: 331.44786 | I119: 13 | J119: 0 | K119: 22 | L119: 21 | M119: 0 | N119: 28.4 | O119: 84.433333 | P119: 8.4847222 | Q119: 15.410606
A120: 44197 | B120: =VLOOKUP(C120,[1]Город!C:E,3,0) -> Москва | C120: СД_33 | D120: Компания_1 | E120: 2592618 | F120: 10:00:00 | G120: Грузовая | H120: 96.775017 | I120: 15 | J120: 5 | K120: 210 | L120: 206 | M120: 190 | N120: 90.1 | O120: 58.033333 | P120: 13.430208 | Q120: 8.3011111
A121: 44197 | B121: =VLOOKUP(C121,[1]Город!C:E,3,0) -> Екатеринбург | C121: СД_31 | D121: Компания_3 | E121: 2590749 | F121: 07:30:00 | G121: Грузовая | H121: 188.845 | I121: 33 | J121: 7 | K121: 102 | L121: 102 | M121: 74 | N121: 63.066667 | O121: 85.633333 | P121: 7.1102941 | Q121: 3.9111111
A122: 44197 | B122: =VLOOKUP(C122,[1]Город!C:E,3,0) -> Москва | C122: СД_33 | D122: Компания_5 | E122: 2592468 | F122: 10:00:00 | G122: Грузовая | H122: 80.601954 | I122: 9 | J122: 5 | K122: 115 | L122: 115 | M122: 111 | N122: 85.55 | O122: 70.766667 | P122: 10.735185 | Q122: 14.429167
A123: 44197 | B123: =VLOOKUP(C123,[1]Город!C:E,3,0) -> Москва | C123: СД_33 | D123: Компания_6 | E123: 2592521 | F123: 10:00:00 | G123: Грузовая | H123: 124.63476 | I123: 13 | J123: 0 | K123: 29 | L123: 28 | M123: 0 | N123: 43.233333 | O123: 77.3 | P123: 3.5047619 | Q123: 20.716667
A124: 44197 | B124: =VLOOKUP(C124,[1]Город!C:E,3,0) -> Ижевск | C124: СД_10 | D124: Компания_5 | E124: 2592841 | F124: 09:30:00 | G124: Грузовая | H124: 324.21377 | I124: 31 | J124: 18 | K124: 211 | L124: 210 | M124: 192 | N124: 59.9 | O124: 157.33333 | P124: 8.6989583 | Q124: 5.2607527
A125: 44197 | B125: =VLOOKUP(C125,[1]Город!C:E,3,0) -> Нижний Новгород | C125: СД_18 | D125: Компания_2 | E125: 2591276 | F125: 10:00:00 | G125: Легковая | H125: 104.50618 | I125: 20 | J125: 10 | K125: 120 | L125: 120 | M125: 107 | N125: 126.91667 | O125: 41.183333 | P125: 9.7125 | Q125: 8.1315789
A126: 44197 | B126: =VLOOKUP(C126,[1]Город!C:E,3,0) -> Москва | C126: СД_36 | D126: Компания_14 | E126: 2592216 | F126: 11:30:00 | G126: Легковая | H126: 169.48384 | I126: 25 | J126: 1 | K126: 60 | L126: 59 | M126: 16 | N126: 58.616667 | O126: 5.8166667 | P126: 6.7553333 | Q126: 4.2618056
A127: 44197 | B127: =VLOOKUP(C127,[1]Город!C:E,3,0) -> Самара | C127: СД_29 | D127: Компания_5 | E127: 2591804 | F127: 11:00:00 | G127: Грузовая | H127: 58.96496 | I127: 16 | J127: 3 | K127: 129 | L127: 129 | M127: 102 | N127: 72.6 | O127: 102.81667 | P127: 4.2645833 | Q127: 11.972222
A128: 44197 | B128: =VLOOKUP(C128,[1]Город!C:E,3,0) -> Москва | C128: СД_33 | D128: Компания_4 | E128: 2592779 | F128: 09:00:00 | G128: Грузовая | H128: 159.67095 | I128: 14 | J128: 6 | K128: 270 | L128: 267 | M128: 257 | N128: 146.03333 | O128: 94.483333 | P128: 13.75119 | Q128: 19.487179
A129: 44197 | B129: =VLOOKUP(C129,[1]Город!C:E,3,0) -> Саратов | C129: СД_20 | D129: Компания_4 | E129: 2593028 | F129: 09:30:00 | G129: Легковая | H129: 67.085065 | I129: 16 | J129: 7 | K129: 90 | L129: 81 | M129: 73 | N129: 78.283333 | O129: 42.15 | P129: 8.7382353 | Q129: 3.6604167
... A209: 44197 | B209: =VLOOKUP(C209,[1]Город!C:E,3,0) -> Москва | C209: СД_33 | D209: Компания_1 | E209: 2592543 | F209: 11:00:00 | G209: Легковая | H209: 91.746127 | I209: 16 | J209: 5 | K209: 117 | L209: 117 | M209: 108 | N209: 38.566667 | O209: 55.15 | P209: 5.2309524 | Q209: 15.651282
A210: 44197 | B210: =VLOOKUP(C210,[1]Город!C:E,3,0) -> Волгоград | C210: СД_1 | D210: Компания_5 | E210: 2591772 | F210: 08:00:00 | G210: Грузовая | H210: 151.99696 | I210: 26 | J210: 0 | K210: 29 | L210: 29 | M210: 0 | N210: 86.1 | P210: 13.573718 | Q210: 1.4993333
A211: 44197 | B211: =VLOOKUP(C211,[1]Город!C:E,3,0) -> Москва | C211: СД_33 | D211: Компания_2 | E211: 2592784 | F211: 10:00:00 | G211: Грузовая | H211: 59.453 | I211: 22 | J211: 5 | K211: 180 | L211: 173 | M211: 132 | N211: 44.533333 | O211: 89.75 | P211: 9.3424242 | Q211: 15.174603
A212: 44197 | B212: =VLOOKUP(C212,[1]Город!C:E,3,0) -> Уфа | C212: СД_11 | D212: Компания_4 | E212: 2590872 | F212: 10:00:00 | G212: Грузовая | H212: 141.79985 | I212: 19 | J212: 6 | K212: 162 | L212: 161 | M212: 147 | N212: 64.8 | O212: 95.866667 | P212: 5.1245614 | Q212: 16.390741
A213: 44197 | B213: =VLOOKUP(C213,[1]Город!C:E,3,0) -> Москва | C213: СД_33 | D213: Компания_6 | E213: 2590574 | F213: 11:00:00 | G213: Легковая | H213: 402.50756 | I213: 18 | J213: 2 | K213: 37 | L213: 36 | M213: 6 | N213: 20.1 | O213: 163.56667 | P213: 2.4882353 | Q213: 14.235417
A214: 44197 | B214: =VLOOKUP(C214,[1]Город!C:E,3,0) -> Москва | C214: СД_33 | D214: Компания_6 | E214: 2590571 | F214: 10:00:00 | G214: Легковая | H214: 89.61965 | I214: 14 | J214: 4 | K214: 84 | L214: 84 | M214: 73 | N214: 56.416667 | O214: 44 | P214: 4.275 | Q214: 11.963636
A215: 44197 | B215: =VLOOKUP(C215,[1]Город!C:E,3,0) -> Красноярск | C215: СД_15 | D215: Компания_5 | E215: 2592639 | F215: 10:00:00 | G215: Грузовая | H215: 266.62645 | I215: 7 | J215: 3 | K215: 77 | L215: 76 | M215: 67 | N215: 85.183333 | O215: 96.483333 | P215: 8.2285714 | Q215: 6.1194444
A216: 44197 | B216: =VLOOKUP(C216,[1]Город!C:E,3,0) -> Волгоград | C216: СД_1 | D216: Компания_8 | E216: 2591656 | F216: 09:00:00 | G216: Грузовая | H216: 194.40792 | I216: 20 | J216: 0 | K216: 21 | L216: 20 | M216: 0 | N216: 77.35 | O216: 137.36667 | P216: 16.620175 | Q216: 15.330556
A217: 44197 | B217: =VLOOKUP(C217,[1]Город!C:E,3,0) -> Иркутск | C217: СД_28 | D217: Компания_4 | E217: 2593095 | F217: 10:00:00 | G217: Легковая | H217: 271.16574 | I217: 18 | J217: 2 | K217: 42 | L217: 42 | M217: 18 | N217: 79.8 | P217: 12.617647 | Q217: 7.215625
A218: 44197 | B218: =VLOOKUP(C218,[1]Город!C:E,3,0) -> Ростов-на-Дону | C218: СД_27 | D218: Компания_4 | E218: 2590828 | F218: 11:00:00 | G218: Грузовая | H218: 51.005426 | I218: 30 | J218: 4 | K218: 174 | L218: 174 | M218: 131 | N218: 98.016667 | O218: 51.116667 | P218: 7.9086022 | Q218: 6.8177778
A219: 44197 | B219: =VLOOKUP(C219,[1]Город!C:E,3,0) -> Новосибирск | C219: СД_32 | D219: Компания_1 | E219: 2590417 | F219: 06:00:00 | G219: Грузовая | H219: 48.348521 | I219: 4 | J219: 4 | K219: 217 | L219: 212 | M219: 212 | N219: 119.13333 | O219: 29.216667 | P219: 29.308333 | Q219: 20.294444
A220: 44197 | B220: =VLOOKUP(C220,[1]Город!C:E,3,0) -> Екатеринбург | C220: СД_31 | D220: Компания_12 | E220: 2591083 | F220: 09:00:00 | G220: Легковая | H220: 82.320808 | I220: 22 | J220: 11 | K220: 132 | L220: 131 | M220: 118 | N220: 61.5 | O220: 65.5 | P220: 5.7386364 | Q220: 13.38254
...
